{
  "type": "FeatureCollection",
  "features": [
    {
      "type": "Feature",
      "geometry": {
        "type": "Point",
        "coordinates": [
          55.800114,
          37.503576
        ]
      },
      "properties": {
        "balloonContent": "<div class='balloon__inner'><div class='balloon__inner--title'>VISPRING</div><div class='balloon__inner--address'>Адрес: ул. Алабяна, 10 корпус 2 (м. Сокол)</div></div>",
        "hintContent": "ул. Алабяна, 10 корпус 2 (м. Сокол)"
      },
      "options": {
        "iconLayout": "default#image",
        "iconImageHref": "/assets/img/icons/map.png",
        "iconImageSize": [20, 28]
      }
    },
    {
      "type": "Feature",
      "geometry": {
        "type": "Point",
        "coordinates": [
          55.752571,
          37.671628
        ]
      },
      "properties": {
        "balloonContent": "<div class='balloon__inner'><div class='balloon__inner--title'>Rosbri The English House</div><div class='balloon__inner--address'>Адрес: ул. Нижняя Сыромятническая, 10с7, 1-й этаж, Центр дизайна Artplay (м.Курская)</div></div>",
        "hintContent": "ул. Нижняя Сыромятническая, 10с7, 1-й этаж, Центр дизайна Artplay (м.Курская)"
      },
      "options": {
        "iconLayout": "default#image",
        "iconImageHref": "/assets/img/icons/map.png",
        "iconImageSize": [20, 28]
      }
    }
  ]
}
