[
  {
    "name": "Название1",
    "phone": "Телефон: +7 (7142) 22-92-08, 22-92-14, 22-95-15",
    "text": "Адрес: ул. Алабяна, 10 корпус 2 (м. Сокол)",
    "time": "Ежедневно с 10:00 до 21:00",
    "coordinates": [
      55.831903,37.411961
    ]
  },
  {
    "name": "Название2",
    "phone": "Телефон: +7 (7142) 22-92-08, 22-92-14, 22-95-15",
    "text": "Адрес: ул. Алабяна, 10 корпус 2 (м. Сокол)",
    "time": "Ежедневно с 10:00 до 21:00",
    "coordinates": [
      55.763338,37.565466
    ]
  },
  {
    "name": "Название3",
    "phone": "Телефон: +7 (7142) 22-92-08, 22-92-14, 22-95-15",
    "text": "Адрес: ул. Алабяна, 10 корпус 2 (м. Сокол)",
    "time": "Ежедневно с 10:00 до 21:00",
    "coordinates": [
      55.874170,37.669838
    ]
  },
  {
    "name": "Название4",
    "phone": "Телефон: +7 (7142) 22-92-08, 22-92-14, 22-95-15",
    "text": "Адрес: ул. Алабяна, 10 корпус 2 (м. Сокол)",
    "time": "Ежедневно с 10:00 до 21:00",
    "coordinates": [
      55.744522,37.616378
    ]
  },
  {
    "name": "Название5",
    "phone": "Телефон: +7 (7142) 22-92-08, 22-92-14, 22-95-15",
    "text": "Адрес: ул. Алабяна, 10 корпус 2 (м. Сокол)",
    "time": "Ежедневно с 10:00 до 21:00",
    "coordinates": [
      55.780898,37.642889
    ]
  },
  {
    "name": "Название6",
    "phone": "Телефон: +7 (7142) 22-92-08, 22-92-14, 22-95-15",
    "text": "Адрес: ул. Алабяна, 10 корпус 2 (м. Сокол)",
    "time": "Ежедневно с 10:00 до 21:00",
    "coordinates": [
      55.793559,37.435983
    ]
  },
  {
    "name": "Название7",
    "phone": "Телефон: +7 (7142) 22-92-08, 22-92-14, 22-95-15",
    "text": "Адрес: ул. Алабяна, 10 корпус 2 (м. Сокол)",
    "time": "Ежедневно с 10:00 до 21:00",
    "coordinates": [
      55.800584,37.675638
    ]
  },
  {
    "name": "Название8",
    "phone": "Телефон: +7 (7142) 22-92-08, 22-92-14, 22-95-15",
    "text": "Адрес: ул. Алабяна, 10 корпус 2 (м. Сокол)",
    "time": "Ежедневно с 10:00 до 21:00",
    "coordinates": [
      55.780850,37.750210
    ]
  },
  {
    "name": "Название9",
    "phone": "Телефон: +7 (7142) 22-92-08, 22-92-14, 22-95-15",
    "text": "Адрес: ул. Алабяна, 10 корпус 2 (м. Сокол)",
    "time": "Ежедневно с 10:00 до 21:00",
    "coordinates": [
      55.810906,37.654142
    ]
  },
  {
    "name": "Название10",
    "phone": "Телефон: +7 (7142) 22-92-08, 22-92-14, 22-95-15",
    "text": "Адрес: ул. Алабяна, 10 корпус 2 (м. Сокол)",
    "time": "Ежедневно с 10:00 до 21:00",
    "coordinates": [
      55.865386,37.713329
    ]
  },
  {
    "name": "Название11",
    "phone": "Телефон: +7 (7142) 22-92-08, 22-92-14, 22-95-15",
    "text": "Адрес: ул. Алабяна, 10 корпус 2 (м. Сокол)",
    "time": "Ежедневно с 10:00 до 21:00",
    "coordinates": [
      55.623415,37.717934
    ]
  },
  {
    "name": "Название12",
    "phone": "Телефон: +7 (7142) 22-92-08, 22-92-14, 22-95-15",
    "text": "Адрес: ул. Алабяна, 10 корпус 2 (м. Сокол)",
    "time": "Ежедневно с 10:00 до 21:00",
    "coordinates": [
      55.863193,37.737000
    ]
  },
  {
    "name": "Название13",
    "phone": "Телефон: +7 (7142) 22-92-08, 22-92-14, 22-95-15",
    "text": "Адрес: ул. Алабяна, 10 корпус 2 (м. Сокол)",
    "time": "Ежедневно с 10:00 до 21:00",
    "coordinates": [
      55.858585,37.484980
    ]
  }
]
